"rank","Name","Country","Population","Prev","Growth"
"1","Tokyo","Japan","37339804","37393128","-0.0014"
"2","Delhi","India","31181376","30290936","0.0294"
"3","Shanghai","China","27795702","27058480","0.0272"
"4","Sao Paulo","Brazil","22237472","22043028","0.0088"
"5","Mexico City","Mexico","21918936","21782378","0.0063"
"6","Dhaka","Bangladesh","21741090","21005860","0.0350"
"7","Cairo","Egypt","21322750","20900604","0.0202"
"8","Beijing","China","20896820","20462610","0.0212"
"9","Mumbai","India","20667656","20411274","0.0126"
"10","Osaka","Japan","19110616","19165340","-0.0029"
"11","Karachi","Pakistan","16459472","16093786","0.0227"
"12","Chongqing","China","16382376","15872179","0.0321"
"13","Istanbul","Turkey","15415197","15190336","0.0148"
"14","Buenos Aires","Argentina","15257673","15153729","0.0069"
"15","Kolkata","India","14974073","14850066","0.0084"
"16","Kinshasa","DR Congo","14970460","14342439","0.0438"
"17","Lagos","Nigeria","14862111","14368332","0.0344"
"18","Manila","Philippines","14158573","13923452","0.0169"
"19","Tianjin","China","13794450","13589078","0.0151"
"20","Guangzhou","China","13635397","13301532","0.0251"
"21","Rio de Janeiro","Brazil","13544462","13458075","0.0064"
"22","Lahore","Pakistan","13095166","12642423","0.0358"
"23","Bangalore","India","12764935","12326532","0.0356"
"24","Moscow","Russia","12593252","12537954","0.0044"
"25","Shenzhen","China","12591696","12356820","0.0190"
"26","Chennai","India","11235018","10971108","0.0241"
"27","Bogota","Colombia","11167392","10978360","0.0172"
"28","Paris","France","11078546","11017230","0.0056"
"29","Jakarta","Indonesia","10915364","10770487","0.0135"
"30","Lima","Peru","10882757","10719188","0.0153"
"31","Bangkok","Thailand","10722815","10539415","0.0174"
"32","Hyderabad","India","10268653","10004144","0.0264"
"33","Seoul","South Korea","9967677","9963452","0.0004"
"34","Nagoya","Japan","9565642","9552132","0.0014"
"35","London","United Kingdom","9425622","9304016","0.0131"
"36","Chengdu","China","9305116","9135768","0.0185"
"37","Tehran","Iran","9259009","9134708","0.0136"
"38","Nanjing","China","9143980","8847372","0.0335"
"39","Ho Chi Minh City","Vietnam","8837544","8602317","0.0273"
"40","Luanda","Angola","8631876","8329798","0.0363"
"41","Wuhan","China","8473405","8364977","0.0130"
"42","Xi-an Shaanxi","China","8274651","8000965","0.0342"
"43","Ahmedabad","India","8253226","8059441","0.0240"
"44","New York City","United States","8230290","8283550","-0.0064"
"45","Kuala Lumpur","Malaysia","8210745","7996830","0.0267"
"46","Hangzhou","China","7845501","7642147","0.0266"
"47","Hong Kong","Hong Kong","7598189","7547652","0.0067"
"48","Surat","India","7489742","7184590","0.0425"
"49","Dongguan","China","7451889","7407852","0.0059"
"50","Suzhou","China","7427096","7069992","0.0505"
"51","Foshan","China","7406751","7326852","0.0109"
"52","Riyadh","Saudi Arabia","7387817","7231447","0.0216"
"53","Shenyang","China","7373655","7220104","0.0213"
"54","Baghdad","Iraq","7323079","7144260","0.0250"
"55","Dar es Salaam","Tanzania","7046892","6701650","0.0515"
"56","Santiago","Chile","6811595","6767223","0.0066"
"57","Pune","India","6807984","6629347","0.0269"
"58","Madrid","Spain","6668865","6617513","0.0078"
"59","Haerbin","China","6526439","6387195","0.0218"
"60","Toronto","Canada","6254571","6196731","0.0093"
"61","Belo Horizonte","Brazil","6139774","6084430","0.0091"
"62","Singapore","Singapore","5991801","5935053","0.0096"
"63","Khartoum","Sudan","5989024","5828858","0.0275"
"64","Johannesburg","South Africa","5926668","5782747","0.0249"
"65","Dalian","China","5775938","5617849","0.0281"
"66","Qingdao","China","5742486","5619977","0.0218"
"67","Barcelona","Spain","5624498","5585556","0.0070"
"68","Fukuoka","Japan","5516158","5528632","-0.0023"
"69","Ji-nan Shandong","China","5513597","5360185","0.0286"
"70","Zhengzhou","China","5510341","5322696","0.0353"
"71","Saint Petersburg","Russia","5504305","5467808","0.0067"
"72","Yangon","Myanmar","5421806","5331800","0.0169"
"73","Alexandria","Egypt","5381101","5280664","0.0190"
"74","Abidjan","Ivory Coast","5354826","5202762","0.0292"
"75","Guadalajara","Mexico","5259296","5179479","0.0154"
"76","Ankara","Turkey","5215747","5117603","0.0192"
"77","Chittagong","Bangladesh","5132751","5019824","0.0225"
"78","Melbourne","Australia","5061439","4967733","0.0189"
"79","Addis Ababa","Ethiopia","5005524","4793699","0.0442"
"80","Sydney","Australia","4991654","4925987","0.0133"
"81","Monterrey","Mexico","4955506","4874095","0.0167"
"82","Nairobi","Kenya","4922192","4734881","0.0396"
"83","Hanoi","Vietnam","4874982","4678198","0.0421"
"84","Brasilia","Brazil","4727902","4645843","0.0177"
"85","Cape Town","South Africa","4709990","4617560","0.0200"
"86","Jiddah","Saudi Arabia","4696535","4610176","0.0187"
"87","Changsha","China","4694722","4577723","0.0256"
"88","Kunming","China","4550831","4443186","0.0242"
"89","Urumqi","China","4543684","4368865","0.0400"
"90","Changchun","China","4520695","4425761","0.0215"
"91","Xinbei","Taiwan","4434905","4398383","0.0083"
"92","Shantou","China","4407928","4327316","0.0186"
"93","Hefei","China","4371005","4241514","0.0305"
"94","Kabul","Afghanistan","4335770","4221532","0.0271"
"95","Rome","Italy","4278350","4257056","0.0050"
"96","Ningbo","China","4263843","4116209","0.0359"
"97","Tel Aviv","Israel","4263745","4181479","0.0197"
"98","Montreal","Canada","4247446","4220566","0.0064"
"99","Shijiazhuang","China","4199392","4114393","0.0207"
"100","Recife","Brazil","4174774","4127091","0.0116"
"101","Yaounde","Cameroon","4164167","3992411","0.0430"
"102","Porto Alegre","Brazil","4160682","4137417","0.0056"
"103","Fortaleza","Brazil","4119633","4073465","0.0113"
"104","Kano","Nigeria","4103015","3999050","0.0260"
"105","Medellin","Colombia","4033783","4000263","0.0084"
"106","Jaipur","India","4007505","3909333","0.0251"
"107","Los Angeles","United States","3983540","3981560","0.0005"
"108","Taiyuan Shanxi","China","3975985","3891127","0.0218"
"109","Nanning","China","3974322","3859608","0.0297"
"110","Ekurhuleni","South Africa","3969937","3894262","0.0194"
"111","Salvador","Brazil","3880314","3839076","0.0107"
"112","Casablanca","Morocco","3793585","3752357","0.0110"
"113","Douala","Cameroon","3793363","3663227","0.0355"
"114","Xiamen","China","3790792","3720141","0.0190"
"115","Lucknow","India","3764619","3676515","0.0240"
"116","Fuzhou Fujian","China","3764559","3685701","0.0214"
"117","Changzhou","China","3749712","3625328","0.0343"
"118","Kozhikode","India","3742198","3555411","0.0525"
"119","Curitiba","Brazil","3726050","3678732","0.0129"
"120","Wenzhou","China","3725342","3623646","0.0281"
"121","Nanchang","China","3709958","3598421","0.0310"
"122","Ibadan","Nigeria","3649023","3551961","0.0273"
"123","Malappuram","India","3608928","3391277","0.0642"
"124","Berlin","Germany","3566791","3562038","0.0013"
"125","Tangshan Hebei","China","3562719","3425638","0.0400"
"126","Faisalabad","Pakistan","3542020","3462295","0.0230"
"127","Antananarivo","Madagascar","3531887","3368585","0.0485"
"128","Bekasi","Indonesia","3510050","3394273","0.0341"
"129","Kumasi","Ghana","3490030","3348062","0.0424"
"130","Kampala","Uganda","3469510","3298364","0.0519"
"131","Busan","South Korea","3465946","3465190","0.0002"
"132","Abuja","Nigeria","3464123","3277740","0.0569"
"133","Guiyang","China","3407463","3317110","0.0272"
"134","Asuncion","Paraguay","3394309","3336562","0.0173"
"135","Santo Domingo","Dominican Republic","3388809","3317784","0.0214"
"136","Campinas","Brazil","3343816","3300794","0.0130"
"137","Wuxi","China","3315113","3256020","0.0181"
"138","Mashhad","Iran","3264101","3208336","0.0174"
"139","Puebla","Mexico","3244710","3194848","0.0156"
"140","Dakar","Senegal","3229800","3140442","0.0285"
"141","Thrissur","India","3212604","3068164","0.0471"
"142","Kochi","India","3193029","3082055","0.0360"
"143","Kuwait City","Kuwait","3177315","3114553","0.0202"
"144","Durban","South Africa","3176254","3158313","0.0057"
"145","Port Harcourt","Nigeria","3171076","3020232","0.0499"
"146","Lanzhou","China","3153808","3080522","0.0238"
"147","Kanpur","India","3153425","3123990","0.0094"
"148","Athens","Greece","3153255","3153355","-0.0000"
"149","Milan","Italy","3144473","3140181","0.0014"
"150","Indore","India","3113445","3016713","0.0321"
"151","Pyongyang","North Korea","3108108","3084244","0.0077"
"152","Sanaa","Yemen","3075257","2972988","0.0344"
"153","Guayaquil","Ecuador","3042941","2994218","0.0163"
"154","Izmir","Turkey","3024020","2992953","0.0104"
"155","Kiev","Ukraine","3000604","2988176","0.0042"
"156","Guatemala City","Guatemala","2983174","2934841","0.0165"
"157","Surabaya","Indonesia","2972091","2944403","0.0094"
"158","Lisbon","Portugal","2971587","2956879","0.0050"
"159","Caracas","Venezuela","2945858","2938992","0.0023"
"160","Zhongshan","China","2941522","2913974","0.0095"
"161","Nagpur","India","2940487","2893455","0.0163"
"162","Shizuoka","Japan","2930341","2922320","0.0027"
"163","Dubai","United Arab Emirates","2921376","2878344","0.0150"
"164","Ouagadougou","Burkina Faso","2914619","2780331","0.0483"
"165","Lusaka","Zambia","2905993","2774133","0.0475"
"166","Coimbatore","India","2860445","2786600","0.0265"
"167","Port-au-Prince","Haiti","2843925","2773553","0.0254"
"168","Depok","Indonesia","2836941","2727209","0.0402"
"169","Handan","China","2824345","2726835","0.0358"
"170","Incheon","South Korea","2818288","2801039","0.0062"
"171","Cali","Colombia","2809508","2781980","0.0099"
"172","Algiers","Algeria","2809158","2767661","0.0150"
"173","Huaian","China","2770106","2655320","0.0432"
"174","Manchester","United Kingdom","2750120","2730076","0.0073"
"175","Goiania","Brazil","2747887","2690011","0.0215"
"176","Weifang","China","2746160","2653989","0.0347"
"177","Taibei","Taiwan","2731208","2721485","0.0036"
"178","Bamako","Mali","2713230","2617686","0.0365"
"179","Thiruvananthapuram","India","2690703","2584752","0.0410"
"180","Zibo","China","2685108","2639735","0.0172"
"181","Chicago","United States","2679080","2686530","-0.0028"
"182","Sapporo","Japan","2670121","2669680","0.0002"
"183","Pretoria","South Africa","2655282","2565660","0.0349"
"184","Mbuji-Mayi","DR Congo","2642794","2525263","0.0465"
"185","Shaoxing","China","2633145","2540018","0.0367"
"186","Birmingham","United Kingdom","2626374","2607437","0.0073"
"187","Yantai","China","2609465","2526702","0.0328"
"188","Bandung","Indonesia","2606850","2580191","0.0103"
"189","Vancouver","Canada","2606351","2581079","0.0098"
"190","Huizhou","China","2605871","2524543","0.0322"
"191","Lubumbashi","DR Congo","2584133","2478262","0.0427"
"192","Accra","Ghana","2556972","2514005","0.0171"
"193","Tashkent","Uzbekistan","2545159","2517381","0.0110"
"194","Toluca de Lerdo","Mexico","2522407","2467241","0.0224"
"195","Patna","India","2481530","2436447","0.0185"
"196","Brazzaville","Republic of the Congo","2469630","2388090","0.0341"
"197","Luoyang","China","2461883","2387094","0.0313"
"198","Bhopal","India","2446882","2389547","0.0240"
"199","San Juan","Puerto Rico","2445462","2448417","-0.0012"
"200","Damascus","Syria","2439814","2392045","0.0200"
"201","Brisbane","Australia","2439467","2406182","0.0138"
"202","Beirut","Lebanon","2434609","2424425","0.0042"
"203","Tunis","Tunisia","2402680","2365201","0.0158"
"204","Tangerang","Indonesia","2397447","2338547","0.0252"
"205","Mogadishu","Somalia","2387920","2282009","0.0464"
"206","Baku","Azerbaijan","2370776","2341443","0.0125"
"207","Medan","Indonesia","2368348","2337958","0.0130"
"208","Belem","Brazil","2360474","2334462","0.0111"
"209","Nantong","China","2351145","2275777","0.0331"
"210","Sendai","Japan","2334959","2327417","0.0032"
"211","Houston","United States","2323660","2321960","0.0007"
"212","Manaus","Brazil","2302374","2260788","0.0184"
"213","Barranquilla","Colombia","2299186","2272914","0.0116"
"214","Maracaibo","Venezuela","2296118","2257999","0.0169"
"215","Gujranwala","Pakistan","2290461","2229220","0.0275"
"216","Rawalpindi","Pakistan","2280733","2236905","0.0196"
"217","Peshawar","Pakistan","2272812","2202946","0.0317"
"218","Taoyuan","Taiwan","2271507","2245162","0.0117"
"219","Agra","India","2261561","2210246","0.0232"
"220","Hohhot","China","2239344","2163394","0.0351"
"221","Baotou","China","2238823","2190495","0.0221"
"222","Vadodara","India","2232521","2189973","0.0194"
"223","Kannur","India","2226693","2166906","0.0276"
"224","Liuzhou","China","2226508","2165257","0.0283"
"225","Visakhapatnam","India","2225906","2174968","0.0234"
"226","Xuzhou","China","2193219","2145970","0.0220"
"227","Daegu","South Korea","2190571","2198962","-0.0038"
"228","Naples","Italy","2182885","2186853","-0.0018"
"229","Amman","Jordan","2182151","2148293","0.0158"
"230","Tijuana","Mexico","2181104","2140398","0.0190"
"231","Esfahan","Iran","2176927","2132037","0.0211"
"232","Phnom Penh","Cambodia","2143591","2077757","0.0317"
"233","Havana","Cuba","2142866","2140423","0.0011"
"234","Nashik","India","2123018","2065728","0.0277"
"235","Grande Vitoria","Brazil","2109869","2075857","0.0164"
"236","Vijayawada","India","2104113","2039845","0.0315"
"237","Brussels","Belgium","2095688","2080788","0.0072"
"238","Mecca","Saudi Arabia","2078766","2042106","0.0180"
"239","Hiroshima","Japan","2077569","2083223","-0.0027"
"240","Perth","Australia","2067333","2041959","0.0124"
"241","Multan","Pakistan","2059534","2015091","0.0221"
"242","Yangzhou","China","2039472","1992773","0.0234"
"243","Minsk","Belarus","2038822","2028104","0.0053"
"244","Bursa","Turkey","2021116","1986268","0.0175"
"245","Baoding","China","2019960","1975790","0.0224"
"246","Aleppo","Syria","2003671","1916781","0.0453"
"247","Putian","China","2002884","1907350","0.0501"
"248","Taizhou Zhejiang","China","1992626","1934847","0.0299"
"249","Conakry","Guinea","1991134","1938272","0.0273"
"250","Linyi Shandong","China","1984133","1936908","0.0244"
"251","Wuhu Anhui","China","1960681","1870281","0.0483"
"252","Vienna","Austria","1944910","1929944","0.0078"
"253","Kollam","India","1940571","1851558","0.0481"
"254","Valencia","Venezuela","1934891","1910188","0.0129"
"255","Rajkot","India","1933522","1878032","0.0295"
"256","Haikou","China","1931705","1889071","0.0226"
"257","Almaty","Kazakhstan","1927623","1895742","0.0168"
"258","Baixada Santista","Brazil","1911338","1892314","0.0101"
"259","Yancheng Jiangsu","China","1907903","1864424","0.0233"
"260","Daqing","China","1907293","1859001","0.0260"
"261","Rabat","Morocco","1907071","1884802","0.0118"
"262","West Yorkshire","United Kingdom","1901947","1889095","0.0068"
"263","Semarang","Indonesia","1901570","1866492","0.0188"
"264","Quito","Ecuador","1900571","1873763","0.0143"
"265","Panama City","Panama","1899081","1860291","0.0209"
"266","Hyderabad","Pakistan","1886734","1849829","0.0200"
"267","Ludhiana","India","1885456","1856849","0.0154"
"268","La Paz","Bolivia","1881796","1857797","0.0129"
"269","Lianyungang","China","1877847","1820127","0.0317"
"270","Lome","Togo","1874394","1827878","0.0254"
"271","Davao City","Philippines","1866401","1825450","0.0224"
"272","Leon de los Aldamas","Mexico","1848932","1825080","0.0131"
"273","Zhuhai","China","1803711","1759378","0.0252"
"274","Turin","Italy","1795235","1792163","0.0017"
"275","Bucharest","Romania","1794248","1803247","-0.0050"
"276","Adana","Turkey","1792565","1770850","0.0123"
"277","Warsaw","Poland","1789620","1783251","0.0036"
"278","Hamburg","Germany","1788995","1789954","-0.0005"
"279","Datong","China","1788913","1745333","0.0250"
"280","Benin City","Nigeria","1781999","1727169","0.0317"
"281","Budapest","Hungary","1771865","1768073","0.0021"
"282","Madurai","India","1765534","1734173","0.0181"
"283","Montevideo","Uruguay","1759906","1752388","0.0043"
"284","Quanzhou","China","1755721","1694076","0.0364"
"285","Palembang","Indonesia","1753269","1722700","0.0177"
"286","Santa Cruz","Bolivia","1748540","1712688","0.0209"
"287","Matola","Mozambique","1748247","1705886","0.0248"
"288","Gaziantep","Turkey","1739687","1704118","0.0209"
"289","Sharjah","United Arab Emirates","1736799","1684649","0.0310"
"290","Phoenix","United States","1733630","1707310","0.0154"
"291","Lyon","France","1733581","1719268","0.0083"
"292","Meerut","India","1728435","1696440","0.0189"
"293","Jiangmen","China","1713021","1687310","0.0152"
"294","Can Tho","Vietnam","1703487","1617602","0.0531"
"295","Raipur","India","1702048","1642169","0.0365"
"296","Varanasi","India","1692509","1664942","0.0166"
"297","Xiangyang","China","1684991","1657726","0.0164"
"298","Mosul","Iraq","1683029","1629932","0.0326"
"299","Glasgow","United Kingdom","1680669","1673332","0.0044"
"300","Novosibirsk","Russia","1675866","1663748","0.0073"
"301","Shiraz","Iran","1675226","1651362","0.0145"
"302","La Laguna","Mexico","1674258","1614854","0.0368"
"303","Cixi","China","1672457","1609221","0.0393"
"304","Stockholm","Sweden","1656571","1632798","0.0146"
"305","Anshan","China","1647001","1629166","0.0109"
"306","Auckland","New Zealand","1630092","1606564","0.0146"
"307","Jamshedpur","India","1629621","1599434","0.0189"
"308","Tabriz","Iran","1627304","1611133","0.0100"
"309","Yinchuan","China","1626584","1579049","0.0301"
"310","Jilin","China","1623240","1603332","0.0124"
"311","Srinagar","India","1622454","1585774","0.0231"
"312","Batam","Indonesia","1617168","1546064","0.0460"
"313","Ulaanbaatar","Mongolia","1615094","1584358","0.0194"
"314","Marseille","France","1613797","1608236","0.0035"
"315","Makassar","Indonesia","1612249","1583553","0.0181"
"316","Yichang","China","1605526","1548423","0.0369"
"317","Aurangabad","India","1599927","1558412","0.0266"
"318","Muscat","Oman","1589865","1549729","0.0259"
"319","Qinhuangdao","China","1585961","1535223","0.0330"
"320","Philadelphia","United States","1585010","1584540","0.0003"
"321","Cordoba","Argentina","1584599","1571944","0.0081"
"322","Qiqihaer","China","1583663","1559581","0.0154"
"323","Xining","China","1583164","1539437","0.0284"
"324","Karaj","Iran","1582351","1580413","0.0012"
"325","San Antonio","United States","1581730","1564490","0.0110"
"326","Calgary","Canada","1580659","1547484","0.0214"
"327","Hengyang","China","1573731","1527107","0.0305"
"328","Daejon","South Korea","1569459","1565656","0.0024"
"329","Monrovia","Liberia","1569013","1517235","0.0341"
"330","Tiruppur","India","1558993","1496389","0.0418"
"331","Rosario","Argentina","1553530","1532128","0.0140"
"332","Munich","Germany","1553373","1538302","0.0098"
"333","Gaoxiong","Taiwan","1541861","1537640","0.0027"
"334","Harare","Zimbabwe","1541824","1529920","0.0078"
"335","Ciudad Juarez","Mexico","1539758","1519214","0.0135"
"336","Anyang","China","1524622","1460114","0.0442"
"337","Kananga","DR Congo","1524234","1458400","0.0451"
"338","Gwangju","South Korea","1523822","1521506","0.0015"
"339","Suqian","China","1520240","1440060","0.0557"
"340","Jining Shandong","China","1518329","1494249","0.0161"
"341","Medina","Saudi Arabia","1517501","1488782","0.0193"
"342","Yekaterinburg","Russia","1513142","1503812","0.0062"
"343","Abu Dhabi","United Arab Emirates","1511768","1482816","0.0195"
"344","Jodhpur","India","1509826","1471900","0.0258"
"345","Grande Sao Luis","Brazil","1498475","1485763","0.0086"
"346","Edmonton","Canada","1491076","1461182","0.0205"
"347","Natal","Brazil","1485363","1456844","0.0196"
"348","Tegucigalpa","Honduras","1485300","1444085","0.0285"
"349","Onitsha","Nigeria","1482971","1414790","0.0482"
"350","N-Djamena","Chad","1476115","1422547","0.0377"
"351","Ranchi","India","1474748","1439195","0.0247"
"352","Kathmandu","Nepal","1471867","1423515","0.0340"
"353","Jabalpur","India","1471644","1449787","0.0151"
"354","Mandalay","Myanmar","1469193","1437554","0.0220"
"355","Zhangjiakou","China","1468954","1434649","0.0239"
"356","Huainan","China","1461918","1437838","0.0167"
"357","Asansol","India","1453747","1431260","0.0157"
"358","Chaozhou","China","1449830","1428383","0.0150"
"359","Kota","India","1430870","1386877","0.0317"
"360","San Diego","United States","1427720","1425780","0.0014"
"361","Kharkiv","Ukraine","1425987","1429004","-0.0021"
"362","San Jose","Costa Rica","1420533","1399629","0.0149"
"363","Chon Buri","Thailand","1417247","1398645","0.0133"
"364","Allahabad","India","1415463","1393723","0.0156"
"365","Gwalior","India","1409820","1378375","0.0228"
"366","Ottawa","Canada","1407928","1393086","0.0107"
"367","Zurich","Switzerland","1407572","1395356","0.0088"
"368","Belgrade","Serbia","1401786","1397939","0.0028"
"369","Amritsar","India","1400311","1377371","0.0167"
"370","Joao Pessoa","Brazil","1393345","1378249","0.0110"
"371","Yiwu","China","1386791","1334356","0.0393"
"372","Basra","Iraq","1381731","1352210","0.0218"
"373","Taizhou Jiangsu","China","1381569","1348056","0.0249"
"374","Nouakchott","Mauritania","1372244","1314636","0.0438"
"375","Queretaro","Mexico","1364446","1339103","0.0189"
"376","Taian Shandong","China","1364154","1338828","0.0189"
"377","Homs","Syria","1362480","1335804","0.0200"
"378","Copenhagen","Denmark","1358608","1346485","0.0090"
"379","Konya","Turkey","1356280","1328136","0.0212"
"380","Bucaramanga","Colombia","1348882","1331453","0.0131"
"381","Dhanbad","India","1348238","1331186","0.0128"
"382","Weihai","China","1347865","1304315","0.0334"
"383","Dallas","United States","1347120","1345340","0.0013"
"384","Ganzhou","China","1347065","1285039","0.0483"
"385","Adelaide","Australia","1345445","1336403","0.0068"
"386","Hai Phong","Vietnam","1341015","1300088","0.0315"
"387","Mombasa","Kenya","1340913","1295975","0.0347"
"388","Taizhong","Taiwan","1338086","1320591","0.0132"
"389","Maceio","Brazil","1336999","1323039","0.0106"
"390","Cochabamba","Bolivia","1336752","1303907","0.0252"
"391","Niamey","Niger","1335700","1291848","0.0339"
"392","Suweon","South Korea","1331826","1311321","0.0156"
"393","Samut Prakan","Thailand","1324319","1306937","0.0133"
"394","Joinville","Brazil","1319042","1303141","0.0122"
"395","Jiaxing","China","1318418","1259844","0.0465"
"396","Kaifeng","China","1317530","1274287","0.0339"
"397","Helsinki","Finland","1316757","1304851","0.0091"
"398","Porto","Portugal","1316445","1312947","0.0027"
"399","Zhanjiang","China","1315369","1286854","0.0222"
"400","Zunyi","China","1313433","1280960","0.0254"
"401","Rizhao","China","1312824","1270948","0.0329"
"402","Kisangani","DR Congo","1312353","1261310","0.0405"
"403","Prague","Czech Republic","1312199","1305737","0.0049"
"404","Dongying","China","1311494","1276028","0.0278"
"405","Qom","Iran","1311172","1287937","0.0180"
"406","Mianyang Sichuan","China","1300725","1275851","0.0195"
"407","Nanchong","China","1299462","1257726","0.0332"
"408","Fushun Liaoning","China","1288357","1285387","0.0023"
"409","Antalya","Turkey","1287439","1253872","0.0268"
"410","Bareilly","India","1285964","1255287","0.0244"
"411","Sofia","Bulgaria","1284311","1280968","0.0026"
"412","Shiyan","China","1280495","1241450","0.0315"
"413","Kazan","Russia","1279794","1272063","0.0061"
"414","Ad-Dammam","Saudi Arabia","1279092","1252523","0.0212"
"415","Port Elizabeth","South Africa","1266533","1253742","0.0102"
"416","Ahvaz","Iran","1261042","1244250","0.0135"
"417","Liuan","China","1260817","1195907","0.0543"
"418","Florianopolis","Brazil","1259112","1239331","0.0160"
"419","Nizhniy Novgorod","Russia","1255073","1257754","-0.0021"
"420","Pointe-Noire","Republic of the Congo","1253939","1214281","0.0327"
"421","Yingkou","China","1251867","1214047","0.0312"
"422","Fes","Morocco","1245303","1224080","0.0173"
"423","Aligarh","India","1244591","1210554","0.0281"
"424","Liuyang","China","1242055","1169044","0.0625"
"425","Dublin","Ireland","1241953","1228179","0.0112"
"426","Maoming","China","1238809","1204716","0.0283"
"427","Tanger","Morocco","1238322","1197923","0.0337"
"428","Pekan Baru","Indonesia","1238274","1204883","0.0277"
"429","Tengzhou","China","1236764","1189963","0.0393"
"430","Freetown","Sierra Leone","1236425","1201900","0.0287"
"431","San Luis Potosi","Mexico","1235426","1216564","0.0155"
"432","Mysore","India","1234992","1209836","0.0208"
"433","Chelyabinsk","Russia","1232887","1227795","0.0041"
"434","Moradabad","India","1232190","1197000","0.0294"
"435","Barquisimeto","Venezuela","1227444","1214362","0.0108"
"436","Durg-Bhilainagar","India","1225129","1207637","0.0145"
"437","Suzhou","China","1219579","1169932","0.0424"
"438","Maracay","Venezuela","1216288","1203227","0.0109"
"439","Astana","Kazakhstan","1211789","1165983","0.0393"
"440","Zhuzhou","China","1209032","1186912","0.0186"
"441","Ruian","China","1208306","1168983","0.0336"
"442","Uyo","Nigeria","1199929","1135775","0.0565"
"443","Zhenjiang Jiangsu","China","1199515","1173816","0.0219"
"444","Baoji","China","1197824","1164665","0.0285"
"445","Jieyang","China","1194681","1146758","0.0418"
"446","Chifeng","China","1194621","1164793","0.0256"
"447","Bhubaneswar","India","1194431","1162886","0.0271"
"448","Pingdingshan Henan","China","1193224","1159981","0.0287"
"449","Puning","China","1192348","1160045","0.0278"
"450","Mendoza","Argentina","1191470","1172619","0.0161"
"451","Bogor","Indonesia","1183090","1159719","0.0202"
"452","Chiang Mai","Thailand","1182498","1166978","0.0133"
"453","Mwanza","Tanzania","1182011","1120430","0.0550"
"454","Tiruchirappalli","India","1181912","1164668","0.0148"
"455","Omsk","Russia","1181590","1182339","-0.0006"
"456","Merida","Mexico","1181387","1161475","0.0171"
"457","Benxi","China","1176490","1157413","0.0165"
"458","Huaibei","China","1174248","1141734","0.0285"
"459","Lilongwe","Malawi","1170870","1121720","0.0438"
"460","Nanyang Henan","China","1170491","1142799","0.0242"
"461","Jinhua","China","1170332","1122440","0.0427"
"462","Xiangtan Hunan","China","1170327","1142976","0.0239"
"463","Kigali","Rwanda","1169889","1132101","0.0334"
"464","Tripoli","Libya","1169790","1165085","0.0040"
"465","Chandigarh","India","1169244","1148472","0.0181"
"466","Jinzhou","China","1168535","1145359","0.0202"
"467","Islamabad","Pakistan","1163584","1129198","0.0305"
"468","Samara","Russia","1160167","1163296","-0.0027"
"469","Amsterdam","Netherlands","1157519","1148972","0.0074"
"470","Da Nang","Vietnam","1156585","1125316","0.0278"
"471","Haifa","Israel","1155006","1147431","0.0066"
"472","Guilin","China","1154702","1134393","0.0179"
"473","Krasnoyarsk","Russia","1148957","1137494","0.0101"
"474","Mexicali","Mexico","1140298","1120872","0.0173"
"475","Ufa","Russia","1139561","1136291","0.0029"
"476","Rostov-on-Don","Russia","1137147","1136201","0.0008"
"477","Hubli-Dharwad","India","1136923","1116728","0.0181"
"478","Guwahati","India","1135065","1116740","0.0164"
"479","Kaduna","Nigeria","1133430","1113210","0.0182"
"480","Bukavu","DR Congo","1133371","1078002","0.0514"
"481","Liupanshui","China","1131854","1077317","0.0506"
"482","Quetta","Pakistan","1129361","1099546","0.0271"
"483","Cologne","Germany","1128652","1118789","0.0088"
"484","Aguascalientes","Mexico","1124909","1106453","0.0167"
"485","Binzhou","China","1124728","1083867","0.0377"
"486","Salem","India","1123873","1102463","0.0194"
"487","Abomey-Calavi","Benin","1122713","1056440","0.0627"
"488","Maputo","Mozambique","1121697","1110477","0.0101"
"489","Bandar Lampung","Indonesia","1114740","1091512","0.0213"
"490","Aba","Nigeria","1114388","1081466","0.0304"
"491","Pizhou","China","1114385","1063231","0.0481"
"492","Nnewi","Nigeria","1113546","1050860","0.0597"
"493","Tasikmalaya","Indonesia","1112112","1056485","0.0527"
"494","San Salvador","El Salvador","1107305","1105766","0.0014"
"495","Yongin","South Korea","1103265","1083345","0.0184"
"496","Zaozhuang","China","1101823","1087745","0.0129"
"497","Xinxiang","China","1100407","1081031","0.0179"
"498","Yueqing","China","1098931","1060702","0.0360"
"499","Luohe","China","1096233","1039941","0.0541"
"500","Saharanpur","India","1094581","1054102","0.0384"
"501","Shimkent","Kazakhstan","1093289","1057936","0.0334"
"502","Cuernavaca","Mexico","1091173","1075022","0.0150"
"503","Yerevan","Armenia","1089181","1086275","0.0027"
"504","Goyang","South Korea","1082815","1069196","0.0127"
"505","Tbilisi","Georgia","1078846","1077833","0.0009"
"506","Chihuahua","Mexico","1075861","1054766","0.0200"
"507","Panjin","China","1075647","1053125","0.0214"
"508","Perm","Russia","1075424","1071419","0.0037"
"509","Bujumbura","Burundi","1074642","1012996","0.0609"
"510","Jalandhar","India","1074383","1053670","0.0197"
"511","Managua","Nicaragua","1072852","1063698","0.0086"
"512","Voronezh","Russia","1072807","1067719","0.0048"
"513","Cartagena","Colombia","1070692","1062622","0.0076"
"514","Wenling","China","1069840","1037164","0.0315"
"515","Lille","France","1068051","1063085","0.0047"
"516","Fuyang","China","1065192","1036162","0.0280"
"517","Bishkek","Kyrgyzstan","1060113","1038429","0.0209"
"518","Diyarbakir","Turkey","1059686","1039492","0.0194"
"519","Bazhong","China","1057600","991820","0.0663"
"520","Siliguri","India","1056551","1020303","0.0355"
"521","Oslo","Norway","1056180","1041377","0.0142"
"522","Shangrao","China","1055178","1028518","0.0259"
"523","Changwon","South Korea","1054775","1055974","-0.0011"
"524","Jingzhou Hubei","China","1054743","1038296","0.0158"
"525","Ma'anshan","China","1051771","1019389","0.0318"
"526","Zhaoqing","China","1050908","1023777","0.0265"
"527","Antwerp","Belgium","1047613","1042471","0.0049"
"528","Kermanshah","Iran","1046604","1025740","0.0203"
"529","Xiongan","China","1045719","969535","0.0786"
"530","Bien Hoa","Vietnam","1045708","1013064","0.0322"
"531","Johor Bahru","Malaysia","1044548","1023900","0.0202"
"532","Solapur","India","1041886","1031037","0.0105"
"533","Samarinda","Indonesia","1041183","1010413","0.0305"
"534","Toulouse","France","1037115","1024166","0.0126"
"535","Mersin","Turkey","1034693","1016019","0.0184"
"536","Hargeysa","Somalia","1033205","988716","0.0450"
"537","Teresina","Brazil","1031220","1021229","0.0098"
"538","Kirkuk","Iraq","1031082","1012614","0.0182"
"539","Fuzhou Jiangxi","China","1028734","989880","0.0393"
"540","Aracaju","Brazil","1026529","1009380","0.0170"
"541","Bobo-Dioulasso","Burkina Faso","1022118","972124","0.0514"
"542","Leshan","China","1022088","986923","0.0356"
"543","Yueyang","China","1021350","1009534","0.0117"
"544","Dezhou","China","1019111","986192","0.0334"
"545","Marrakech","Morocco","1017379","1002709","0.0146"
"546","Tampico","Mexico","1016514","1001278","0.0152"
"547","Huzhou","China","1015538","988351","0.0275"
"548","Rotterdam","Netherlands","1012007","1010026","0.0020"
"549","Aden","Yemen","1011890","980455","0.0321"
"550","Austin","United States","1011790","995347","0.0165"
"551","San Jose","United States","1009340","1015570","-0.0061"
"552","Denpasar","Indonesia","1008709","986853","0.0221"
"553","Odesa","Ukraine","1008508","1009289","-0.0008"
"554","Chenzhou","China","1004240","959881","0.0462"
"555","Xuchang","China","1001570","968135","0.0345"
"556","Volgograd","Russia","1000755","1004688","-0.0039"
"557","Saltillo","Mexico","1000750","983784","0.0172"
"558","San Miguel de Tucuman","Argentina","999907","985656","0.0145"
"559","Asmara","Eritrea","998321","962985","0.0367"
"560","Padang","Indonesia","997358","980455","0.0172"
"561","Cebu City","Philippines","993744","980070","0.0140"
"562","Acapulco de Juarez","Mexico","992205","979381","0.0131"
"563","Valparaiso","Chile","992183","983751","0.0086"
"564","Sekondi Takoradi","Ghana","990661","945519","0.0477"
"565","Ikorodu","Nigeria","989117","937615","0.0549"
"566","Kayseri","Turkey","986987","973506","0.0138"
"567","Warangal","India","983128","959658","0.0245"
"568","Changshu","China","981654","938683","0.0458"
"569","Bordeaux","France","980130","968993","0.0115"
"570","Songkhla","Thailand","979453","966597","0.0133"
"571","Qujing","China","976171","942342","0.0359"
"572","Nonthaburi","Thailand","975497","962694","0.0133"
"573","Yichun Jiangxi","China","975387","918051","0.0625"
"574","Krasnodar","Russia","974377","957214","0.0179"
"575","Ilorin","Nigeria","973671","949866","0.0251"
"576","Cancun","Mexico","971798","943922","0.0295"
"577","Tshikapa","DR Congo","970831","919192","0.0562"
"578","Nyala","Sudan","967430","922532","0.0487"
"579","Xintai","China","966759","936382","0.0324"
"580","Jixi Heilongjiang","China","963278","949646","0.0144"
"581","Blantyre-Limbe","Malawi","962145","932263","0.0321"
"582","Morelia","Mexico","961834","948793","0.0137"
"583","Pingxiang Jiangxi","China","953042","928895","0.0260"
"584","Dnipro","Ukraine","951821","957345","-0.0058"
"585","Khulna","Bangladesh","949229","953745","-0.0047"
"586","Jerusalem","Israel","944188","931756","0.0133"
"587","Cucuta","Colombia","943489","933380","0.0108"
"588","Nice","France","943342","942208","0.0012"
"589","Dehradun","India","943136","918946","0.0263"
"590","Seongnam","South Korea","942342","943768","-0.0015"
"591","Fort Worth","United States","942323","925954","0.0177"
"592","Agadir","Morocco","941839","923552","0.0198"
"593","Mudanjiang","China","941660","925522","0.0174"
"594","Hamah","Syria","939904","921502","0.0200"
"595","Dushanbe","Tajikistan","938444","915712","0.0248"
"596","Guiping","China","937152","891158","0.0516"
"597","Jiujiang","China","936927","913212","0.0260"
"598","Southampton","United Kingdom","935868","927916","0.0086"
"599","Laiwu","China","934916","907839","0.0298"
"600","Arequipa","Peru","934845","922999","0.0128"
"601","Ciudad Guayana","Venezuela","933968","917700","0.0177"
"602","Zamboanga City","Philippines","930610","917477","0.0143"
"603","Veracruz","Mexico","930387","918529","0.0129"
"604","Jacksonville","United States","929647","920577","0.0099"
"605","San Pedro Sula","Honduras","929191","902751","0.0293"
"606","Zhucheng","China","926596","891494","0.0394"
"607","Pathum Thani","Thailand","925893","913741","0.0133"
"608","Rajshahi","Bangladesh","924033","907732","0.0180"
"609","Chengde","China","920395","880494","0.0453"
"610","Misratah","Libya","918946","881319","0.0427"
"611","Guigang","China","917484","891173","0.0295"
"612","Jos","Nigeria","917289","895288","0.0246"
"613","Reynosa","Mexico","917021","899084","0.0200"
"614","Bengbu","China","915242","901773","0.0149"
"615","Columbus","United States","913921","906237","0.0085"
"616","Villahermosa","Mexico","913606","898461","0.0169"
"617","Yangjiang","China","912468","890013","0.0252"
"618","Charlotte","United States","912096","898902","0.0147"
"619","Ulsan","South Korea","910778","910330","0.0005"
"620","Bangui","Central African Republic","910270","889231","0.0237"
"621","Oran","Algeria","910030","899182","0.0121"
"622","West Rand","South Africa","909301","897609","0.0130"
"623","Owerri","Nigeria","908109","872604","0.0407"
"624","Campo Grande","Brazil","907028","896864","0.0113"
"625","Liverpool","United Kingdom","906443","901708","0.0053"
"626","Antipolo","Philippines","902993","881018","0.0249"
"627","Najaf","Iraq","901405","873744","0.0317"
"628","Zhangzhou","China","900904","871690","0.0335"
"629","Bergamo","Italy","900094","892089","0.0090"
"630","Donetsk","Ukraine","899325","905530","-0.0069"
"631","Tianmen","China","899094","869837","0.0336"
"632","Warri","Nigeria","898927","855941","0.0502"
"633","Londrina","Brazil","898681","885516","0.0149"
"634","Leiyang","China","896394","851071","0.0533"
"635","Malang","Indonesia","896009","886620","0.0106"
"636","La Plata","Argentina","894159","884054","0.0114"
"637","Concepcion","Chile","891744","880722","0.0125"
"638","Hengshui","China","891603","856705","0.0407"
"639","Linfen","China","891049","858103","0.0384"
"640","Xinyu","China","890884","857567","0.0389"
"641","Sylhet","Bangladesh","890180","851808","0.0450"
"642","Dandong","China","890031","877258","0.0146"
"643","Indianapolis","United States","887232","881808","0.0062"
"644","Nampula","Mozambique","887055","848096","0.0459"
"645","Deyang","China","885818","857306","0.0333"
"646","Hermosillo","Mexico","883916","867885","0.0185"
"647","San Francisco","United States","883255","882402","0.0010"
"648","Trujillo","Peru","877875","864633","0.0153"
"649","Taiz","Yemen","875941","845154","0.0364"
"650","Guntur","India","875474","854488","0.0246"
"651","Jiangyin","China","874924","843292","0.0375"
"652","Bhiwandi","India","874032","859435","0.0170"
"653","Lubango","Angola","870935","828248","0.0515"
"654","Liaoyang","China","870185","855663","0.0170"
"655","Bahawalpur","Pakistan","869548","844673","0.0294"
"656","Changzhi","China","868308","846365","0.0259"
"657","Tyumen","Russia","866741","843196","0.0279"
"658","Soshanguve","South Africa","866005","853347","0.0148"
"659","Tuxtla Gutierrez","Mexico","865000","847924","0.0201"
"660","Ashgabat","Turkmenistan","864695","846255","0.0218"
"661","Erbil","Iraq","861158","846374","0.0175"
"662","Baishan","China","859381","821967","0.0455"
"663","Liling","China","857167","812975","0.0544"
"664","Tainan","Taiwan","856736","849996","0.0079"
"665","Puducherry","India","856354","836003","0.0243"
"666","Culiacan","Mexico","856072","839054","0.0203"
"667","Changde","China","853497","830010","0.0283"
"668","Fuxin","China","850647","839189","0.0137"
"669","Palermo","Italy","850179","851146","-0.0011"
"670","Shangqiu","China","850165","826598","0.0285"
"671","Xingtai","China","849674","831175","0.0223"
"672","Hufuf-Mubarraz","Saudi Arabia","848479","836727","0.0140"
"673","Firozabad","India","845746","821043","0.0301"
"674","Libreville","Gabon","845100","834204","0.0131"
"675","Huangshi","China","844307","828324","0.0193"
"676","Saratov","Russia","840883","842680","-0.0021"
"677","Banghazi","Libya","836031","823974","0.0146"
"678","Valencia","Spain","835341","833724","0.0019"
"679","Luzhou","China","833637","822996","0.0129"
"680","Quebec City","Canada","831776","826109","0.0069"
"681","Yibin","China","831013","814166","0.0207"
"682","Bucheon","South Korea","829592","832093","-0.0030"
"683","Ipoh","Malaysia","827719","813553","0.0174"
"684","Winnipeg","Canada","824771","816593","0.0100"
"685","Bogra","Bangladesh","820297","775034","0.0584"
"686","Cabinda","Angola","819452","777697","0.0537"
"687","Umuahia","Nigeria","816983","773822","0.0558"
"688","Xinyang","China","816967","797369","0.0246"
"689","Xinghua","China","815780","791297","0.0309"
"690","Newcastle upon Tyne","United Kingdom","813807","809481","0.0053"
"691","Yangquan","China","813696","794262","0.0245"
"692","Thessaloniki","Greece","812964","812166","0.0010"
"693","Yongzhou","China","809415","781940","0.0351"
"694","Bologna","Italy","808931","805986","0.0037"
"695","Orumiyeh","Iran","808149","793044","0.0190"
"696","Xiaogan","China","806258","783483","0.0291"
"697","Heze","China","804759","795246","0.0120"
"698","Barcelona-Puerto La Cruz","Venezuela","804488","793641","0.0137"
"699","Maiduguri","Nigeria","802988","786485","0.0210"
"700","Kuerle","China","801993","761329","0.0534"
"701","Niigata","Japan","801982","804298","-0.0029"
"702","Eskisehir","Turkey","801612","783669","0.0229"
"703","Cherthala","India","801264","764135","0.0486"
"704","Quzhou","China","798191","757655","0.0535"
"705","Zhuji","China","796974","777536","0.0250"
"706","Sorocaba","Brazil","795569","785997","0.0122"
"707","Haicheng","China","795424","783484","0.0152"
"708","Enugu","Nigeria","795271","772872","0.0290"
"709","Nottingham","United Kingdom","794008","787610","0.0081"
"710","Tianshui","China","790461","765372","0.0328"
"711","Huludao","China","790403","775322","0.0195"
"712","Xalapa","Mexico","787349","775620","0.0151"
"713","Bikaner","India","786652","771878","0.0191"
"714","Frankfurt","Germany","784780","777156","0.0098"
"715","Huaihua","China","784323","751803","0.0433"
"716","Nakhon Ratchasima","Thailand","783180","774022","0.0118"
"717","Vereeniging","South Africa","779530","774031","0.0071"
"718","Liaocheng","China","778562","760885","0.0232"
"719","Seattle","United States","776555","765115","0.0150"
"720","Jiaozuo","China","775685","766770","0.0116"
"721","Bozhou","China","773217","742150","0.0419"
"722","Nellore","India","772941","751034","0.0292"
"723","Hamilton","Canada","770976","766688","0.0056"
"724","Gebze","Turkey","769633","744674","0.0335"
"726","Taixing","China","769620","747588","0.0295"
"725","Cagayan de Oro City","Philippines","769620","753138","0.0219"
"727","Krakow","Poland","769307","768731","0.0007"
"728","Kunshan","China","769021","737654","0.0425"
"729","Shaoguan","China","767557","761249","0.0083"
"730","Gorakhpur","India","766646","758214","0.0111"
"731","Dasmarinas","Philippines","765742","747208","0.0248"
"732","Amravati","India","764645","752189","0.0166"
"733","Jincheng","China","763554","733879","0.0404"
"734","Langfang","China","763320","739632","0.0320"
"735","Ansan","South Korea","762698","760764","0.0025"
"736","Ar-Rayyan","Qatar","759174","737903","0.0288"
"737","Sulaimaniya","Iraq","758795","739182","0.0265"
"738","Cuttack","India","751859","742011","0.0133"
"739","Bur Sa'id","Egypt","750373","737000","0.0181"
"740","Denver","United States","749103","738157","0.0148"
"741","Meishan","China","748981","723267","0.0356"
"742","Zhumadian","China","747329","716002","0.0438"
"743","Zigong","China","746711","737291","0.0128"
"744","Benguela","Angola","745372","715130","0.0423"
"745","Gaomi","China","745055","716261","0.0402"
"746","Anqing","China","744768","726950","0.0245"
"747","Qingyuan","China","744726","734856","0.0134"
"748","Banjarmasin","Indonesia","744334","732005","0.0168"
"749","Hanchuan","China","743610","715218","0.0397"
"750","Danyang","China","743482","718649","0.0346"
"751","Muzaffarnagar","India","742227","716748","0.0355"
"752","Lokoja","Nigeria","741482","692050","0.0714"
"753","Kumamoto","Japan","741455","742612","-0.0016"
"754","Kottayam","India","739212","696061","0.0620"
"755","Belgaum","India","738074","724747","0.0184"
"756","Zarqa","Jordan","737085","729220","0.0108"
"757","Zaria","Nigeria","736098","726172","0.0137"
"758","Sheffield","United Kingdom","735292","730158","0.0070"
"759","Zanzibar","Tanzania","734832","705078","0.0422"
"760","Gaza","Palestine","734547","713621","0.0293"
"761","Zaragoza","Spain","733825","730828","0.0041"
"762","Linhai","China","732334","708981","0.0329"
"763","Zaporizhzhya","Ukraine","731984","736167","-0.0057"
"764","Malegaon","India","731493","715605","0.0222"
"765","Sao Jose dos Campos","Brazil","731481","721795","0.0134"
"766","Oshogbo","Nigeria","730529","713677","0.0236"
"767","Erduosi-Ordoss","China","730229","706657","0.0334"
"768","Shaoyang","China","729522","713559","0.0224"
"769","Kayamkulam","India","726675","694892","0.0457"
"770","Jiamusi","China","726622","715965","0.0149"
"771","Mangalore","India","724159","713357","0.0151"
"772","Okayama","Japan","724157","724696","-0.0007"
"773","Ribeirao Preto","Brazil","724044","714111","0.0139"
"774","Xianyang Shaanxi","China","723612","715007","0.0120"
"775","Bunia","DR Congo","723276","679418","0.0646"
"776","Lviv","Ukraine","722476","723758","-0.0018"
"777","Rasht","Iran","722026","712715","0.0131"
"778","Anqiu","China","721402","682299","0.0573"
"779","Tongliao","China","720662","702280","0.0262"
"780","Cheongju","South Korea","720584","717027","0.0050"
"781","Sialkot","Pakistan","720439","705121","0.0217"
"782","Maturin","Venezuela","717788","694716","0.0332"
"783","Buffalo City","South Africa","717067","708559","0.0120"
"784","Panzhihua","China","716878","707134","0.0138"
"785","Suining Sichuan","China","716754","699679","0.0244"
"786","Yanji","China","716660","695165","0.0309"
"787","Tongling","China","715946","696639","0.0277"
"788","Wuzhou","China","715472","696630","0.0270"
"789","Oaxaca de Juarez","Mexico","714983","704559","0.0148"
"790","Washington","United States","714153","709951","0.0059"
"791","Sargodha","Pakistan","712961","700095","0.0184"
"792","Bhavnagar","India","711625","700367","0.0161"
"793","Gold Coast","Australia","710650","699226","0.0163"
"794","Yan'an","China","710029","678619","0.0463"
"795","Kitwe","Zambia","709854","685908","0.0349"
"796","Florence","Italy","709064","708357","0.0010"
"797","Jammu","India","708612","702085","0.0093"
"798","Yulin Shaanxi","China","706571","695614","0.0158"
"799","Nanded Waghala","India","705667","689771","0.0230"
"800","Dazhou","China","705321","682342","0.0337"
"801","Tirupati","India","704615","679456","0.0370"
"802","Bacoor","Philippines","704334","686398","0.0261"
"803","Malanje","Angola","704271","665150","0.0588"
"804","Dengzhou","China","703922","673626","0.0450"
"805","The Hague","Netherlands","703588","697564","0.0086"
"806","Longyan","China","703524","691987","0.0167"
"807","Yuncheng","China","703194","675082","0.0416"
"808","Seville","Spain","702386","703790","-0.0020"
"809","Cotonou","Benin","698868","691949","0.0100"
"810","Dongtai","China","698218","676996","0.0313"
"811","Tolyatti","Russia","696889","700252","-0.0048"
"812","Salta","Argentina","696715","684751","0.0175"
"813","Merca","Somalia","696510","666370","0.0452"
"814","Bali","Indonesia","695940","682065","0.0203"
"815","Yuyao","China","695704","678841","0.0248"
"816","Boston","United States","695506","694053","0.0021"
"817","Uberlandia","Brazil","695461","686896","0.0125"
"818","Taif","Saudi Arabia","694894","688693","0.0090"
"819","Yuxi","China","693811","662863","0.0467"
"820","Vientiane","Laos","693594","682542","0.0162"
"821","Bristol","United Kingdom","693552","686210","0.0107"
"822","Akure","Nigeria","690533","665524","0.0376"
"823","Ibb","Yemen","690456","648889","0.0641"
"824","Celaya","Mexico","689735","680971","0.0129"
"825","Al-Hudaydah","Yemen","689640","668899","0.0310"
"826","Cheonan","South Korea","688543","679802","0.0129"
"827","Jundiai","Brazil","688192","678521","0.0143"
"828","Gulbarga","India","687882","673027","0.0221"
"829","Huambo","Angola","687795","671413","0.0244"
"830","Padova","Italy","687698","683604","0.0060"
"831","Durgapur","India","686568","675384","0.0166"
"832","Kurnool","India","685818","665186","0.0310"
"833","El Paso","United States","685434","683581","0.0027"
"834","Nantes","France","685377","677766","0.0112"
"835","Buraydah","Saudi Arabia","684626","668775","0.0237"
"836","Zagreb","Croatia","684524","684878","-0.0005"
"837","Zhangjiagang","China","683500","656036","0.0419"
"838","Pontianak","Indonesia","680655","667910","0.0191"
"839","Amara","Iraq","680156","655663","0.0374"
"840","Liege","Belgium","679895","677589","0.0034"
"841","Taicang","China","679623","654441","0.0385"
"842","Nashville","United States","678448","674634","0.0057"
"843","Genoa","Italy","677222","679613","-0.0035"
"844","Ezhou","China","676600","668405","0.0123"
"845","Santiago","Dominican Republic","672272","664575","0.0116"
"846","Mar Del Plata","Argentina","672116","665707","0.0096"
"847","Tamale","Ghana","671812","641911","0.0466"
"848","Zhoukou","China","671419","650060","0.0329"
"849","Lodz","Poland","671395","676830","-0.0080"
"850","Goma","DR Congo","670218","634197","0.0568"
"851","Oklahoma City","United States","669347","662202","0.0108"
"852","Lattakia","Syria","668809","655714","0.0200"
"853","Las Vegas","United States","667501","659410","0.0123"
"854","Tabuk","Saudi Arabia","667155","657277","0.0150"
"855","Ankang","China","666656","636293","0.0477"
"856","General Santos City","Philippines","665418","652723","0.0194"
"857","Renqiu","China","664262","640271","0.0375"
"858","Detroit","United States","664139","667085","-0.0044"
"859","Manama","Bahrain","663893","634508","0.0463"
"860","Loudi","China","663765","639167","0.0385"
"861","Jeonju","South Korea","663607","663145","0.0007"
"862","Bijie","China","662697","637795","0.0390"
"863","Portland","United States","662549","658645","0.0059"
"864","Sokoto","Nigeria","662173","641249","0.0326"
"865","Qinzhou","China","661953","644359","0.0273"
"866","Macao","Macau","661838","651875","0.0153"
"867","Samsun","Turkey","660863","642592","0.0284"
"868","Denizli","Turkey","660643","644782","0.0246"
"869","Zhoushan","China","659777","647419","0.0191"
"870","Busto Arsizio","Italy","657698","654258","0.0053"
"871","Tongxiang","China","656136","629527","0.0423"
"872","Longhai","China","655081","631203","0.0378"
"873","Puyang","China","654261","632347","0.0347"
"874","Hezhou","China","654185","625304","0.0462"
"875","Jhansi","India","653879","642709","0.0174"
"876","Neijiang","China","653866","645874","0.0124"
"877","Izhevsk","Russia","651601","651338","0.0004"
"878","Memphis","United States","651011","651042","-0.0000"
"879","Jamnagar","India","650977","644738","0.0097"
"880","As-Suways","Egypt","649368","638229","0.0175"
"881","Erode","India","647988","634977","0.0205"
"882","Doha","Qatar","646177","641380","0.0075"
"883","Pachuca de Soto","Mexico","646101","633453","0.0200"
"884","Haimen","China","645598","626067","0.0312"
"885","Chongjin","North Korea","645488","642447","0.0047"
"886","Chiclayo","Peru","645366","637255","0.0127"
"887","Wuhai","China","644895","630295","0.0232"
"888","Hegang","China","644894","638855","0.0095"
"889","Sanya","China","644727","625290","0.0311"
"890","Be'er Sheva","Israel","644278","637539","0.0106"
"891","Durango","Mexico","642750","630982","0.0187"
"892","Bokaro Steel City","India","642145","633551","0.0136"
"893","Wroclaw","Poland","642085","641401","0.0011"
"894","Irkutsk","Russia","641504","638843","0.0042"
"895","Barnaul","Russia","640396","639783","0.0010"
"896","Nay Pyi Taw","Myanmar","639759","593596","0.0778"
"897","Bulawayo","Zimbabwe","639722","638188","0.0024"
"898","Miluo","China","639015","604159","0.0577"
"899","Venezia","Italy","638264","637245","0.0016"
"900","Jambi","Indonesia","637037","626192","0.0173"
"901","Safaqis","Tunisia","636613","630175","0.0102"
"902","Khabarovsk","Russia","636254","633151","0.0049"
"903","Herat","Afghanistan","635579","605575","0.0495"
"904","Duesseldorf","Germany","635046","631942","0.0049"
"905","Belfast","United Kingdom","634594","630632","0.0063"
"906","Nasiriyah","Iraq","634492","616994","0.0284"
"907","Stuttgart","Germany","633808","632692","0.0018"
"908","Verona","Italy","633128","629658","0.0055"
"909","Raurkela","India","631310","622636","0.0139"
"910","Jubayl","Saudi Arabia","631060","605743","0.0418"
"911","Riga","Latvia","627763","630692","-0.0046"
"912","Bandar Abbas","Iran","627174","606633","0.0339"
"913","Kolhapur","India","626791","619358","0.0120"
"914","Bacolod","Philippines","624783","613437","0.0185"
"915","Seregno","Italy","624706","619871","0.0078"
"916","Ulyanovsk","Russia","624103","624896","-0.0013"
"917","Uvira","DR Congo","622862","589731","0.0562"
"918","Al-Ain","United Arab Emirates","622675","610887","0.0193"
"919","Bari","Italy","622590","622377","0.0003"
"920","Yulin Guangxi","China","622115","613668","0.0138"
"921","Ajmer","India","621505","613617","0.0129"
"922","Kuching","Malaysia","621114","611566","0.0156"
"923","Bissau","Guinea-Bissau","620974","599714","0.0355"
"924","Bauchi","Nigeria","620800","597679","0.0387"
"925","Geneva","Switzerland","620131","613373","0.0110"
"926","Enshi","China","619178","586667","0.0554"
"927","Anshun","China","619116","600121","0.0317"
"928","Colombo","Sri Lanka","619001","612535","0.0106"
"929","Sihui","China","618859","591080","0.0470"
"930","Hanzhong","China","618109","605327","0.0211"
"931","Ujjain","India","617812","607055","0.0177"
"932","Gothenburg","Sweden","617781","610521","0.0119"
"933","Jinzhong","China","617236","599611","0.0294"
"934","Patiala","India","616590","599186","0.0290"
"935","Zahedan","Iran","616511","609873","0.0109"
"936","Bilaspur","India","616394","599812","0.0276"
"937","Louisville","United States","615924","616781","-0.0014"
"938","San Jose del Monte","Philippines","615815","607692","0.0134"
"939","Hillah","Iraq","615167","604149","0.0182"
"940","Kryvyi Rih","Ukraine","613696","618706","-0.0081"
"941","Yaroslavl","Russia","612502","612365","0.0002"
"942","Brighton","United Kingdom","612159","606909","0.0087"
"943","Feira De Santana","Brazil","609939","602128","0.0130"
"944","Vladivostok","Russia","609632","609754","-0.0002"
"945","Comilla","Bangladesh","609345","588772","0.0349"
"946","Tlaxcala","Mexico","606590","596362","0.0172"
"947","Siping","China","604724","594482","0.0172"
"948","Sanhe","China","604549","576241","0.0491"
"949","Calabar","Nigeria","604546","579273","0.0436"
"950","Mathura","India","603301","588334","0.0254"
"951","Abakaliki","Nigeria","601712","572028","0.0519"
"952","Xinmi","China","600980","575696","0.0439"
"953","Skopje","North Macedonia","600708","595275","0.0091"
"954","Makhachkala","Russia","600541","599792","0.0012"
"955","Tomsk","Russia","600254","595642","0.0077"
"956","Jingjiang","China","599221","577513","0.0376"
"957","Shishi","China","598547","585317","0.0226"
"958","Fuqing","China","597698","584631","0.0224"
"959","Sanliurfa","Turkey","596713","590522","0.0105"
"960","Leipzig","Germany","596230","591052","0.0088"
"961","Agartala","India","595210","575073","0.0350"
"962","Xiantao","China","594155","588540","0.0095"
"963","Yichun Heilongjiang","China","593871","598465","-0.0077"
"964","Imphal","India","593524","575625","0.0311"
"965","Daye","China","592972","578374","0.0252"
"966","Mbeya","Tanzania","592579","566065","0.0468"
"967","Cenxi","China","592553","565509","0.0478"
"968","Kingston","Jamaica","592477","590940","0.0026"
"969","Sangli","India","592117","583629","0.0145"
"970","Cuiaba","Brazil","591522","588566","0.0050"
"971","Samarkand","Uzbekistan","591252","578762","0.0216"
"972","Malaga","Spain","591091","590032","0.0018"
"973","Ibague","Colombia","590686","586187","0.0077"
"974","Dortmund","Germany","589748","589600","0.0003"
"975","Kagoshima","Japan","588413","591042","-0.0044"
"976","Cabimas","Venezuela","588348","578222","0.0175"
"977","Qitaihe","China","588212","578992","0.0159"
"978","Milwaukee","United States","587721","588939","-0.0021"
"979","Catania","Italy","586049","585877","0.0003"
"980","Samut Sakhon","Thailand","585964","578273","0.0133"
"981","Likasi","DR Congo","585678","567839","0.0314"
"982","Beira","Mozambique","584989","569911","0.0265"
"983","Hamadan","Iran","584645","577808","0.0118"
"984","Shuozhou","China","584272","563456","0.0369"
"985","Tonghua","China","584209","572967","0.0196"
"986","Djibouti","Djibouti","583695","576157","0.0131"
"987","Essen","Germany","581579","582128","-0.0009"
"988","Toulon","France","581264","579095","0.0037"
"989","Dresden","Germany","580877","575476","0.0094"
"990","Juiz De Fora","Brazil","580874","575481","0.0094"
"991","Bouake","Ivory Coast","580586","571876","0.0152"
"992","Pereira","Colombia","580225","579620","0.0010"
"993","Udaipur","India","580191","569224","0.0193"
"994","Sanmenxia","China","579273","561369","0.0319"
"995","Vellore","India","578956","569048","0.0174"
"996","Dongyang","China","578734","566083","0.0223"
"997","Ardabil","Iran","578222","567912","0.0182"
"998","Thoothukkudi","India","577945","560930","0.0303"
"999","Bloemfontein","South Africa","577560","567029","0.0186"
"1000","Xinyi","China","577474","559613","0.0319"
"1001","Udon Thani","Thailand","576666","570115","0.0115"
"1002","Ogbomosho","Nigeria","576557","551474","0.0455"
"1003","Jalgaon","India","576506","564540","0.0212"
"1004","Hebi","China","576427","565986","0.0184"
"1005","Zaoyang","China","576057","562379","0.0243"
"1006","Yiyang Hunan","China","576041","558615","0.0312"
"1007","Gaya","India","575652","565253","0.0184"
"1008","Baltimore","United States","575584","584537","-0.0153"
"1009","Yazd","Iran","575105","565449","0.0171"
"1010","Tirunelveli","India","574000","565735","0.0146"
"1011","Zhaodong","China","572358","550240","0.0402"
"1012","Dengfeng","China","571083","540789","0.0560"
"1013","Matamoros","Mexico","570752","562755","0.0142"
"1014","Kitchener","Canada","570681","562466","0.0146"
"1015","Poza Rica de Hidalgo","Mexico","570576","564578","0.0106"
"1016","Oujda","Morocco","570257","558524","0.0210"
"1017","Santa Fe","Argentina","569991","562917","0.0126"
"1018","Cuito","Angola","569533","535407","0.0637"
"1019","Orenburg","Russia","569029","568812","0.0004"
"1020","Cangzhou","China","568818","560962","0.0140"
"1021","Jiaozhou","China","568186","551500","0.0303"
"1022","Kemerovo","Russia","567035","565759","0.0023"
"1023","Bremen","Germany","566331","565354","0.0017"
"1024","Karbala","Iraq","565196","555073","0.0182"
"1025","Al-Mansurah","Egypt","565015","555621","0.0169"
"1026","Weinan","China","564709","553302","0.0206"
"1027","Anyang","South Korea","564685","567945","-0.0057"
"1028","Mazar-e Sharif","Afghanistan","563825","532689","0.0585"
"1029","Kota Kinabalu","Malaysia","562824","549586","0.0241"
"1030","Basel","Switzerland","562710","559027","0.0066"
"1031","Gomel","Belarus","562405","557589","0.0086"
"1032","Albuquerque","United States","562281","561397","0.0016"
"1033","Gaozhou","China","561197","537329","0.0444"
"1034","Feicheng","China","560756","551319","0.0171"
"1035","Meknes","Morocco","560746","553755","0.0126"
"1036","Panipat","India","559798","547952","0.0216"
"1037","Kahramanmaras","Turkey","559574","546688","0.0236"
"1038","Irbid","Jordan","559386","556899","0.0045"
"1039","Arak","Iran","559300","551006","0.0151"
"1040","Tepic","Mexico","558052","545941","0.0222"
"1041","Chiang Rai","Thailand","557280","549966","0.0133"
"1042","Guangyuan","China","557144","539179","0.0333"
"1043","Leicester","United Kingdom","556930","552178","0.0086"
"1044","Tongchuan","China","556484","546649","0.0180"
"1045","Khamis Mushayt","Saudi Arabia","555589","547724","0.0144"
"1046","Ndola","Zambia","555560","542495","0.0241"
"1047","Tucson","United States","554503","551288","0.0058"
"1048","Imus","Philippines","553579","527779","0.0489"
"1049","Villavicencio","Colombia","553451","544115","0.0172"
"1050","Sakarya","Turkey","553438","539445","0.0259"
"1051","Bamenda","Cameroon","553084","533257","0.0372"
"1052","Shouguang","China","552602","544207","0.0154"
"1053","Utrecht","Netherlands","551879","544389","0.0138"
"1054","Rajahmundry","India","551828","543729","0.0149"
"1055","Novokuznetsk","Russia","549364","550575","-0.0022"
"1056","Larkana","Pakistan","548916","534288","0.0274"
"1057","Basilan City","Philippines","548445","533135","0.0287"
"1058","Valledupar","Colombia","547790","533453","0.0269"
"1059","Chaoyang","China","546816","539052","0.0144"
"1060","Uige","Angola","546706","510631","0.0706"
"1061","Hamhung","North Korea","545847","548992","-0.0057"
"1062","Sukkur","Pakistan","545349","534486","0.0203"
"1063","Rayong","Thailand","545307","538150","0.0133"
"1064","Port of Spain","Trinidad and Tobago","544305","544207","0.0002"
"1065","Kerman","Iran","543855","541485","0.0044"
"1066","Abeokuta","Nigeria","543723","532856","0.0204"
"1067","Mekele","Ethiopia","543622","523914","0.0376"
"1068","Yongkang","China","543073","526069","0.0323"
"1069","Edinburgh","United Kingdom","542599","536775","0.0108"
"1070","Haining","China","542380","527655","0.0279"
"1071","San Juan","Argentina","541366","536913","0.0083"
"1072","Ryazan","Russia","540183","540317","-0.0002"
"1073","Vilnius","Lithuania","539978","538894","0.0020"
"1074","Taishan","China","539674","524937","0.0281"
"1075","Calamba","Philippines","539157","524577","0.0278"
"1076","Mesa","United States","538146","528079","0.0191"
"1077","Hannover","Germany","537418","536976","0.0008"
"1078","Fresno","United States","537100","534338","0.0052"
"1079","Chuzhou","China","536745","522062","0.0281"
"1080","Namangan","Uzbekistan","536396","528763","0.0144"
"1081","Pingdu","China","536334","525093","0.0214"
"1082","Al-Mukalla","Yemen","536256","506356","0.0590"
"1083","Qingzhou","China","535777","520371","0.0296"
"1084","Longkou","China","535497","520568","0.0287"
"1085","Naberezhnye Tchelny","Russia","535124","534726","0.0007"
"1086","Astrakhan","Russia","534762","534947","-0.0003"
"1087","Santa Marta","Colombia","533792","527326","0.0123"
"1088","Ambon","Indonesia","533623","513457","0.0393"
"1089","Bellary","India","533505","520926","0.0241"
"1090","Diwaniyah","Iraq","532961","513369","0.0382"
"1091","Pietermaritzburg","South Africa","532766","526912","0.0111"
"1092","Rustenburg","South Africa","532711","509368","0.0458"
"1093","Heyuan","China","532613","523818","0.0168"
"1094","Yanshi","China","532183","507643","0.0483"
"1095","Al-Raqqa","Syria","531952","521537","0.0200"
"1096","Surakarta","Indonesia","531897","527279","0.0088"
"1097","Dali","China","531353","514610","0.0325"
"1098","Sheikhupura","Pakistan","530798","517342","0.0260"
"1099","Changning","China","530738","510275","0.0401"
"1100","Grenoble","France","530690","527720","0.0056"
"1101","Puerto Vallarta","Mexico","530078","515909","0.0275"
"1102","Balashikha","Russia","530037","514662","0.0299"
"1103","Angeles City","Philippines","529991","509765","0.0397"
"1104","Gombe","Nigeria","529283","508575","0.0407"
"1105","Hosur","India","528951","493896","0.0710"
"1106","Poznan","Poland","528457","531030","-0.0048"
"1107","Gongyi","China","527880","511410","0.0322"
"1108","Van","Turkey","527682","511391","0.0319"
"1109","Gaoyou","China","527063","507934","0.0377"
"1110","Shizuishan","China","527050","514455","0.0245"
"1111","El Djelfa","Algeria","527033","503397","0.0470"
"1112","Kikwit","DR Congo","526217","507462","0.0370"
"1113","Ar-Rusayfah","Jordan","525880","523543","0.0045"
"1114","Vale do Aco","Brazil","525634","521744","0.0075"
"1115","Cuautla Morelos","Mexico","525498","516755","0.0169"
"1116","Sacramento","United States","525398","519511","0.0113"
"1117","Kalasin","Thailand","524519","517635","0.0133"
"1118","Shangyu","China","524344","510813","0.0265"
"1119","Atlanta","United States","524067","515439","0.0167"
"1120","Al-Mahallah al-Kubra","Egypt","523903","517549","0.0123"
"1121","Loum","Cameroon","523577","497578","0.0523"
"1122","Laixi","China","523107","505117","0.0356"
"1123","Kakinada","India","522676","514227","0.0164"
"1124","Rupganj","Bangladesh","522366","481718","0.0844"
"1125","Penza","Russia","522207","523092","-0.0017"
"1126","Berbera","Somalia","521966","499396","0.0452"
"1127","Utsunomiya","Japan","521669","522100","-0.0008"
"1128","Porto Velho","Brazil","521270","510419","0.0213"
"1129","Davanagere","India","520856","511843","0.0176"
"1130","Qianjiang","China","520601","511738","0.0173"
"1131","Chuxiong","China","520282","500867","0.0388"
"1132","Songyuan","China","519674","513231","0.0126"
"1133","Duisburg","Germany","519056","515076","0.0077"
"1134","Nakhon Pathom","Thailand","518433","503271","0.0301"
"1135","Muzaffarpur","India","516403","504158","0.0243"
"1136","Mataram","Indonesia","516280","505024","0.0223"
"1137","Mbouda","Cameroon","516015","485660","0.0625"
"1138","Zinder","Niger","515736","489178","0.0543"
"1139","Changge","China","515109","490123","0.0510"
"1140","Kirov","Russia","514996","513003","0.0039"
"1141","Kuantan","Malaysia","514419","502866","0.0230"
"1142","Ziyang","China","514110","500094","0.0280"
"1143","Xingning","China","513553","487815","0.0528"
"1144","Kandahar","Afghanistan","511949","498002","0.0280"
"1145","Nurenberg","Germany","511889","511941","-0.0001"
"1146","London CA","Canada","511368","508230","0.0062"
"1147","Eslamshahr","Iran","511227","498261","0.0260"
"1148","Bournemouth","United Kingdom","510021","505687","0.0086"
"1149","Jinjiang","China","509894","498294","0.0233"
"1150","Khon-Kaen","Thailand","509278","502594","0.0133"
"1151","Cheboksary","Russia","509038","505870","0.0063"
"1152","Matsuyama","Japan","508241","509958","-0.0034"
"1153","Tanta","Egypt","508012","501423","0.0131"
"1154","Shuangyashan","China","507257","503179","0.0081"
"1155","Lipetsk","Russia","505846","507291","-0.0028"
"1156","Karaganda","Kazakhstan","505157","504946","0.0004"
"1157","Changyi","China","505019","482027","0.0477"
"1158","Arusha","Tanzania","504857","492919","0.0242"
"1159","Murcia","Spain","504491","499783","0.0094"
"1160","Malatya","Turkey","503988","496002","0.0161"
"1161","Guang-an","China","503551","484324","0.0397"
"1162","Tirana","Albania","502734","493712","0.0183"
"1163","Surat Thani","Thailand","502564","495968","0.0133"
"1164","Kansas City","United States","501957","498642","0.0066"
"1165","Ubon Ratchathani","Thailand","501747","495308","0.0130"
"1166","Kolwezi","DR Congo","501375","494654","0.0136"
"1167","Kabinda","DR Congo","501054","465599","0.0761"
"1168","Jianyang","China","500925","487133","0.0283"
"1169","Douai-Lens","France","500921","500776","0.0003"
"1170","Nanping","China","500785","491287","0.0193"